loss,mape,val_loss,val_mape
0.021247830241918564,4132.26953125,0.012567264027893543,87582.640625
0.009113083593547344,6245.673828125,0.009365450590848923,111013.9921875
0.008207137696444988,6269.34130859375,0.008577023632824421,86227.71875
0.006822839844971895,3459.273681640625,0.006499242503196001,91452.8515625
0.00491374870762229,4018.1435546875,0.00759473629295826,63428.58984375
0.0035394765436649323,4443.13623046875,0.0030161577742546797,51678.890625
0.003045125398784876,4135.68603515625,0.005950159393250942,116993.390625
0.0029503877740353346,2596.658447265625,0.002887147944420576,48705.8203125
0.0027590205427259207,4966.40625,0.0030593210831284523,105968.1015625
0.0026960258837789297,4467.705078125,0.0028553949669003487,36621.98046875
0.002671292284503579,3386.851318359375,0.005182410124689341,40248.61328125
0.0025853621773421764,4048.9716796875,0.005517365876585245,49958.17578125
0.0025550678838044405,4369.92138671875,0.003024693811312318,93912.953125
0.002555585466325283,4921.91064453125,0.003125645685940981,29773.4765625
0.0024996837601065636,3303.0126953125,0.004026513081043959,46146.75390625
0.002489908831194043,4151.43701171875,0.003064543241634965,102615.15625
0.002467589918524027,2140.61474609375,0.0038193254731595516,65874.109375
0.0024395668879151344,3418.748779296875,0.002369123976677656,44803.89453125
0.0024067864287644625,3588.55908203125,0.0033015282824635506,54641.5546875
0.0024103643372654915,3323.972412109375,0.003404789138585329,101226.375
0.0024105452466756105,3018.457275390625,0.0026867950800806284,51295.45703125
0.0023894705809652805,1778.615234375,0.002183356089517474,43022.875
0.0023596002720296383,3310.445068359375,0.0027475995011627674,57819.90625
0.002348985057324171,4053.959716796875,0.0023018422070890665,36384.953125
0.0023621509317308664,3573.11474609375,0.003831011475995183,81638.9921875
0.00236777332611382,3127.43212890625,0.003332061693072319,25172.435546875
0.0023438148200511932,3571.450439453125,0.0032181469723582268,79716.65625
0.002323274500668049,3728.42724609375,0.0026779004838317633,37420.01171875
0.0023158660624176264,2314.7578125,0.002547776559367776,35926.3671875
0.002315089339390397,4481.41552734375,0.002719408832490444,40443.50390625
0.002322886837646365,2977.23779296875,0.003849970642477274,31322.59375
0.0023178865667432547,3066.303466796875,0.0029799139592796564,80493.1640625
0.002303354674950242,2550.549560546875,0.002698278985917568,22559.146484375
0.0023145515006035566,2996.5615234375,0.0025727322790771723,61236.8046875
0.0023130280897021294,2839.968505859375,0.0030888207256793976,65711.90625
0.002286205068230629,3532.575927734375,0.0027606894727796316,33051.9453125
0.0022980161011219025,1846.510498046875,0.0025681573897600174,35044.75390625
0.0022828602232038975,3065.100830078125,0.0033357739448547363,69495.515625
0.002256727311760187,3160.738037109375,0.002272962825372815,70111.8203125
0.0022678838577121496,2107.753662109375,0.0022294053342193365,36300.28125
0.002249061595648527,2472.789306640625,0.002735946560278535,73790.859375
0.002279148204252124,2482.681640625,0.0024276338517665863,74091.5703125
0.002270627534016967,3053.237548828125,0.002363051986321807,67180.484375
0.0022450704127550125,2213.57373046875,0.0028951324056833982,34139.01171875
0.0022613266482949257,2243.08837890625,0.002421561162918806,34030.20703125
0.002242024289444089,4601.25439453125,0.0023721118923276663,53014.73046875
0.0022320665884763002,4469.8671875,0.0025270055048167706,73948.59375
0.0022399467416107655,2463.790771484375,0.00412789499387145,31223.642578125
0.002284831600263715,2446.29248046875,0.002853996120393276,29505.177734375
0.002227675635367632,2995.622314453125,0.0026506748981773853,77982.1328125
0.0022122389636933804,2422.38916015625,0.002772524720057845,65142.73828125
0.002247669268399477,4802.21630859375,0.0029552956111729145,77366.25
0.0022286695893853903,3836.143798828125,0.002158302115276456,41820.59375
0.002233145060017705,2121.442138671875,0.0028147888369858265,23827.134765625
0.0022195104975253344,3288.317626953125,0.002540015382692218,60922.30078125
0.002219538437202573,2948.830810546875,0.0028296324890106916,24457.181640625
0.002210671314969659,3609.6455078125,0.0031944229267537594,19590.900390625
0.0022197330836206675,4318.4951171875,0.003163828980177641,30415.990234375
0.00222961837425828,2278.739501953125,0.0022817763965576887,34498.63671875
0.0021849924232810736,3148.856689453125,0.0027100411243736744,78248.3203125
0.0021941184531897306,4383.83056640625,0.002721864730119705,69541.2734375
0.002205587923526764,3242.3779296875,0.002403601538389921,40502.83984375
0.0022014095447957516,3291.452392578125,0.0021023990120738745,50179.8046875
0.002200810704380274,4104.7626953125,0.0024263362865895033,22740.125
0.0021991850808262825,2891.41552734375,0.003071034559980035,24224.001953125
0.0021938413847237825,2653.668212890625,0.0027230647392570972,77304.890625
0.0021896923426538706,3223.174560546875,0.002074209973216057,36589.98046875
0.0021722966339439154,3522.68310546875,0.002317355014383793,49621.77734375
0.002177249873057008,3376.08251953125,0.002606050344184041,22960.705078125
0.002180797513574362,2688.381591796875,0.0027412420604377985,30595.71875
0.0021729206200689077,3201.692626953125,0.003051247913390398,30447.599609375
0.0021834338549524546,2235.900390625,0.0027785615529865026,63465.15234375
0.0021677485201507807,2261.285400390625,0.002396733732894063,19678.875
0.0021556795109063387,1818.1376953125,0.002737396862357855,40700.21484375
0.002177941147238016,5268.283203125,0.002617043210193515,19111.703125
0.0021584671922028065,2122.63525390625,0.0028745050076395273,17273.791015625
0.0021597845479846,2930.119140625,0.003189791925251484,85058.234375
0.0021791078615933657,1986.460205078125,0.002771038096398115,22766.818359375
0.0021446363534778357,2296.29736328125,0.002274534897878766,42936.0234375
0.0021401001140475273,2467.167236328125,0.002474083798006177,66012.234375
0.002136723604053259,2660.778076171875,0.0029577352106571198,84062.5546875
0.0021407266613096,2962.829833984375,0.0023665460757911205,57002.7578125
0.002142002573236823,1737.5821533203125,0.002310756826773286,47537.12109375
0.00213817460462451,1957.0406494140625,0.0036256699822843075,18573.5859375
0.002144798869267106,2602.408935546875,0.002526851138100028,10542.5009765625
0.0021242506336420774,2819.891357421875,0.0023464318364858627,20640.794921875
0.0021234340965747833,2633.5458984375,0.0025473679415881634,36429.59765625
0.0021197637543082237,2908.08935546875,0.002920040860772133,56513.20703125
0.0021362509578466415,2360.8515625,0.002257022773846984,51733.5234375
0.002130215521901846,3621.779541015625,0.002065370324999094,25403.744140625
0.0021288529969751835,2483.474609375,0.002215180080384016,48598.29296875
0.0021283135283738375,2490.748291015625,0.002691304311156273,32827.109375
0.0021261372603476048,2711.7236328125,0.0021801276598125696,16052.419921875
0.0021107743959873915,2746.65283203125,0.0026986412703990936,18931.73828125
0.002128585008904338,2645.21826171875,0.002517234766855836,19683.830078125
0.002115145791321993,2433.880126953125,0.002275125589221716,15682.2294921875
0.0021028665360063314,1474.92041015625,0.0021472449880093336,30655.68359375
0.0021098176948726177,2380.148681640625,0.002664495026692748,24596.3828125
0.0021102416794747114,2717.811279296875,0.0024010376073420048,28950.15625
0.0021025470923632383,3628.455322265625,0.0029331601690500975,19988.4921875
0.0021335661876946688,2380.61669921875,0.0029770240653306246,76720.1328125
0.0021274094469845295,1567.6575927734375,0.002114008879289031,18636.640625
0.002106200437992811,1699.9876708984375,0.0021736943162977695,10883.4384765625
0.0021076793782413006,2309.58251953125,0.0020492244511842728,19793.1015625
0.0021146119106560946,1602.0928955078125,0.0027215578593313694,14773.65234375
0.0021047203335911036,3871.84814453125,0.002108981367200613,30445.34375
0.0021033247467130423,1212.2000732421875,0.0021070714574307203,16472.470703125
0.0021126968786120415,2195.161376953125,0.002132695633918047,15639.24609375
0.0021081771701574326,3602.083984375,0.002016616752371192,19287.505859375
0.0020941307302564383,1975.8397216796875,0.0021861610002815723,18442.671875
0.0020978895481675863,3669.36865234375,0.002245811279863119,21642.677734375
0.0020941870752722025,1756.1116943359375,0.0021859316620975733,30313.306640625
0.0021166971419006586,2387.60400390625,0.0021149308886379004,15353.517578125
0.0020768437534570694,2186.100341796875,0.002167620463296771,15526.6748046875
0.0020886424463242292,2596.387451171875,0.0026085961144417524,41025.5703125
0.002104847226291895,2096.933349609375,0.0022440769243985415,30703.125
0.002097768010571599,2664.265380859375,0.002499848371371627,21446.89453125
0.00209518033079803,859.9091796875,0.003046327503398061,37406.67578125
0.002086878754198551,2271.60693359375,0.0039273654110729694,100922.1015625
0.002119011478498578,2060.951416015625,0.0025884099304676056,15533.958984375
0.0020813096780329943,1183.14013671875,0.0025055615697056055,14099.421875
0.0020919092930853367,1906.983154296875,0.002307671122252941,25262.0625
0.0020907942671328783,2353.975341796875,0.0023746711667627096,21699.958984375
0.0020783604122698307,1419.90869140625,0.0021622292697429657,18597.6875
0.002074742689728737,1421.3853759765625,0.002587751718237996,13627.341796875
0.002071094699203968,1424.609619140625,0.002515800530090928,46896.28125
0.002086981665343046,930.113037109375,0.0019908726681023836,26714.140625
0.0020589495543390512,1954.1229248046875,0.0021246434189379215,30561.369140625
0.0020673121325671673,2420.9013671875,0.0026889389846473932,27017.208984375
0.0020846682600677013,2357.270751953125,0.002300095045939088,17241.974609375
0.0020664071198552847,1579.0069580078125,0.002332990290597081,13950.2060546875
0.002074301475659013,1678.197998046875,0.0025275256484746933,25433.107421875
0.002066419692710042,1278.0078125,0.0024144318886101246,33362.19140625
0.002064772881567478,1099.39208984375,0.0022491004783660173,26502.0078125
0.002080560429021716,1683.534423828125,0.002691731322556734,32401.841796875
0.0020934217609465122,1953.673828125,0.0022093600127846003,30648.716796875
0.002069412963464856,1510.645751953125,0.0020761482883244753,28393.69140625
0.002082585357129574,1461.210205078125,0.0020703806076198816,25394.271484375
0.0020732576958835125,2645.772216796875,0.0028546671383082867,12723.5205078125
0.002065567299723625,3096.021728515625,0.002152934903278947,25593.494140625
0.0020722770132124424,1526.0537109375,0.002733276691287756,34497.93359375
0.002071589231491089,1696.39794921875,0.002605452900752425,30141.59765625
0.0020657877903431654,1826.5228271484375,0.0024911980144679546,31711.130859375
0.002061308128759265,1849.5306396484375,0.0019947749096900225,18137.173828125
0.00207496783696115,2299.421142578125,0.0020319882314652205,19953.587890625
0.0020756423473358154,1410.7877197265625,0.002187059260904789,19943.94140625
0.0020662553142756224,2412.99072265625,0.0022843927145004272,13719.763671875
0.002066918881610036,1642.566162109375,0.002077633049339056,24002.46484375
0.002084872219711542,2640.0498046875,0.003244567196816206,8088.67919921875
0.002069741953164339,1948.9779052734375,0.0020936348009854555,21036.734375
0.002041632542386651,1832.788330078125,0.0025155358016490936,33708.89453125
0.0020669111981987953,2641.415283203125,0.0020873788744211197,29602.1953125
0.00206250068731606,3631.307861328125,0.0024809178430587053,19430.462890625
0.0020581956487149,2395.323486328125,0.0021756403148174286,14149.779296875
0.0020718977320939302,1243.8538818359375,0.002055231248959899,26583.994140625
0.0020500095561146736,2230.18310546875,0.002161650685593486,17272.248046875
0.002076320117339492,1753.7413330078125,0.0019776609260588884,27540.982421875
0.0020489974413067102,2688.000732421875,0.0021870273631066084,11097.6357421875
0.002051901537925005,1559.968505859375,0.0026509093586355448,9661.248046875
0.002084099454805255,1807.5101318359375,0.002010189462453127,30148.759765625
0.0020557527896016836,3170.212890625,0.002041516825556755,31918.25390625
0.0020723072811961174,2636.619384765625,0.0020422739908099174,14564.2509765625
0.0020511611364781857,1917.4049072265625,0.0022543317172676325,19167.34765625
0.0020680841989815235,1724.7635498046875,0.002458582865074277,35077.4375
0.002058112295344472,3440.816162109375,0.0024309917353093624,13694.9384765625
0.0020541937556117773,1825.93017578125,0.002239282475784421,10375.8408203125
0.002057177945971489,1601.868408203125,0.002008700743317604,32750.677734375
0.002070821588858962,1606.10791015625,0.0023417097982019186,19364.62109375
0.002051586052402854,1237.3194580078125,0.002529468387365341,36215.30078125
0.002079230034723878,2996.231201171875,0.0022444191854447126,16525.501953125
0.002074445830658078,1372.2750244140625,0.0021291945595294237,30755.896484375
0.0020504253916442394,1328.0482177734375,0.0022965483367443085,24362.642578125
0.0020506898872554302,2453.37353515625,0.002003540052101016,25513.8515625
0.0020439159125089645,2102.0458984375,0.0021718593779951334,18603.30078125
0.002047343645244837,1921.177734375,0.002326174406334758,48286.86328125
0.002036957535892725,3172.5439453125,0.002517030108720064,32244.6875
0.002061563078314066,2209.5615234375,0.0023611029610037804,9701.5419921875
0.00206194375641644,2695.578369140625,0.0025682824198156595,20013.439453125
0.0020589090418070555,6344.1572265625,0.0021195330191403627,15310.1533203125
0.002040129853412509,2236.731201171875,0.0021072805393487215,31965.892578125
0.002044301014393568,1654.3516845703125,0.0020143254660069942,28615.833984375
0.0020517888478934765,1874.241943359375,0.001972298603504896,33410.50390625
0.0020542372949421406,1050.009765625,0.002751026302576065,46696.3828125
0.0020651989616453648,1728.6455078125,0.0020732248667627573,18429.525390625
0.0020520046819001436,2222.547607421875,0.0021357496734708548,19455.31640625
0.0020518405362963676,2501.536376953125,0.0020573788788169622,24149.15625
0.002045204397290945,1787.0084228515625,0.0019986967090517282,27465.888671875
0.002048130612820387,1637.3841552734375,0.002068544505164027,19695.45703125
0.002046705223619938,3505.25390625,0.0020190291106700897,27450.22265625
0.002051600720733404,4038.11962890625,0.0020120919216424227,26745.734375
0.00205483241006732,1976.969970703125,0.00209301826544106,14617.9248046875
0.0020339905750006437,2096.111083984375,0.002258580643683672,38726.35546875
0.0020504796411842108,1730.654052734375,0.002496871631592512,21763.1171875
0.002042553387582302,2251.5068359375,0.0021498624701052904,47823.13671875
0.00206036027520895,2263.371337890625,0.0020077922381460667,37200.890625
0.002038639271631837,2756.186767578125,0.0025847649667412043,28386.1328125
0.002061871811747551,2067.781005859375,0.0028572818264365196,13837.802734375
0.0020502812694758177,1856.36962890625,0.0022659040987491608,30184.365234375
0.00204200460575521,2142.28759765625,0.0022003648336976767,24203.6484375
0.002054058015346527,2282.054931640625,0.0021003757137805223,20508.74609375
0.002035455545410514,1828.566162109375,0.0020235073752701283,26363.939453125
0.0020386495161801577,3036.3984375,0.002345070242881775,23987.74609375
0.002038112375885248,2189.950439453125,0.0020572077482938766,34611.015625
0.002045135712251067,3154.700439453125,0.00247442745603621,17446.029296875
0.002053470117971301,2532.31591796875,0.0022280062548816204,49715.3046875
0.00203554704785347,2229.6201171875,0.0026045890990644693,19440.265625
0.002027705078944564,2264.707763671875,0.002028621966019273,30554.595703125
0.002037803875282407,2141.03466796875,0.002092114882543683,31960.5546875
0.002035292563959956,2468.025146484375,0.0021956716664135456,26838.982421875
0.002034146338701248,2112.819091796875,0.0027386026922613382,19760.994140625
0.0020409501157701015,2224.622314453125,0.0021302185487002134,25108.794921875
0.0020243730396032333,1877.4366455078125,0.0023459778167307377,19859.697265625
0.0020486118737608194,2536.939208984375,0.0022773349191993475,27742.076171875
0.0020475599449127913,2790.455078125,0.0024382960982620716,37766.796875
0.002049296395853162,3736.107177734375,0.0023999707773327827,34225.84375
0.0020406239200383425,3553.015625,0.0026542656123638153,17692.685546875
0.002037558238953352,1848.73095703125,0.0023124206345528364,23306.203125
0.002059829654172063,2066.600830078125,0.0023055069614201784,19344.13671875
0.0020359610207378864,2382.975830078125,0.0023979542311280966,57132.13671875
0.0020460740197449923,2013.405517578125,0.002029852010309696,36619.00390625
0.002037990605458617,3335.4228515625,0.0021602518390864134,21638.064453125
0.0020296915899962187,2382.549072265625,0.0021197176538407803,27168.931640625
0.002038119360804558,3075.269287109375,0.0020913281477987766,45108.22265625
0.00204350589774549,1812.2642822265625,0.0019870258402079344,22702.044921875
0.0020453045144677162,2549.55859375,0.00208471342921257,31377.640625
0.002023603767156601,3386.021240234375,0.002311325166374445,19814.904296875
0.0020356543827801943,2172.767578125,0.0024039894342422485,25384.748046875
0.0020370888523757458,2349.998046875,0.0020317670423537493,24843.236328125
0.0020321477204561234,2405.794677734375,0.002088922308757901,37430.29296875
0.002025853144004941,2279.66552734375,0.002064452040940523,44012.07421875
0.0020230982918292284,1987.7938232421875,0.002223124960437417,37369.875
0.002033045282587409,2491.83154296875,0.002014365280047059,35038.74609375
0.0020387794356793165,1935.5855712890625,0.0026309911627322435,75805.859375
0.0020461082458496094,2239.068603515625,0.0021328178700059652,46334.703125
0.0020310082472860813,2030.53125,0.002365496475249529,32751.248046875
0.0020195392426103354,1561.4927978515625,0.0024746283888816833,50429.953125
0.0020336692687124014,2380.160888671875,0.0020459264051169157,30389.82421875
0.002023369539529085,2118.37890625,0.0022267687600106,39126.375
0.0020164542365819216,1428.1806640625,0.002319743623957038,28633.5
0.0020139531698077917,1849.8753662109375,0.002136140363290906,22945.263671875
0.0020381503272801638,2493.845458984375,0.002163270954042673,25799.875
0.0020328385289758444,2429.8173828125,0.0022145267575979233,20149.673828125
0.0020243427716195583,2687.716796875,0.002120228949934244,43764.54296875
0.0020274652633816004,1773.7139892578125,0.0019688482861965895,31340.53515625
0.002013750374317169,2382.765380859375,0.002512415638193488,53203.84375
0.002033001510426402,3136.68212890625,0.002298268023878336,28234.1171875
0.002025045221671462,2163.79248046875,0.0022114866878837347,22714.77734375
0.0020251318346709013,3238.76123046875,0.002266562543809414,34468.37109375
0.0020199634600430727,2454.792236328125,0.0019772318191826344,36095.6953125
0.0020537760574370623,1937.159423828125,0.001985374605283141,43474.52734375
0.0020168276969343424,2551.83935546875,0.0022529454436153173,50752.9765625
0.0020296750590205193,2699.31494140625,0.001979577587917447,37935.4296875
0.0020291281398385763,3705.74072265625,0.001980455359444022,39307.71875
0.0020168290939182043,1656.6221923828125,0.0023488833103328943,28247.623046875
0.0020209006033837795,2737.45361328125,0.0020510179456323385,27944.98046875
0.00202637305483222,1627.6239013671875,0.002269863849505782,14707.552734375
0.002012325683608651,1607.734619140625,0.0022187279537320137,24328.412109375
0.002035970101132989,2021.721435546875,0.00209930376149714,23858.888671875
0.0020269157830625772,3643.387451171875,0.0022425344213843346,18603.677734375
0.0020120919216424227,2744.776123046875,0.002003980102017522,33218.49609375
0.002026083180680871,2464.19189453125,0.002115984447300434,35539.13671875
0.0020301546901464462,3275.688720703125,0.002368165412917733,41812.140625
0.0020292378030717373,2204.593017578125,0.0022752031218260527,26948.552734375
0.002008299343287945,3046.668701171875,0.0024211907293647528,62125.79296875
0.002011257689446211,2713.699462890625,0.002188414102420211,62336.08203125
0.0020280072931200266,1696.85791015625,0.0021804473362863064,53104.14453125
0.0020339388865977526,1623.745361328125,0.0022100515197962523,22518.95703125
0.0020225958433002234,2054.376708984375,0.0022993069142103195,21702.77734375
0.00201766868121922,2302.177490234375,0.002000052947551012,34011.28515625
0.002013106131926179,3090.0244140625,0.002079155296087265,27779.833984375
0.002018656814470887,2246.800048828125,0.0019576936028897762,26406.763671875
0.0020285295322537422,2810.21435546875,0.0021087827626615763,43039.57421875
0.002007286064326763,1893.0687255859375,0.002136052353307605,53423.453125
0.002024770714342594,2442.770751953125,0.0019992750603705645,25640.271484375
0.002004766371101141,2849.872802734375,0.0023704806808382273,58466.80859375
0.0020188516937196255,2475.5107421875,0.0019607620779424906,30959.39453125
0.002015125472098589,2847.39892578125,0.0019795666448771954,38064.265625
0.002020670799538493,3609.451416015625,0.0021868140902370214,52166.625
0.0020126160234212875,3123.1298828125,0.0019752737134695053,28834.498046875
0.002011727774515748,2138.802001953125,0.0020390795543789864,37009.64453125
0.0020216687116771936,2489.98095703125,0.0019473398569971323,37968.64453125
0.002020039362832904,2156.1064453125,0.0024705245159566402,22822.90234375
0.0020311432890594006,2949.875732421875,0.0024734579492360353,23260.150390625
0.0020314001012593508,1557.783447265625,0.002743207383900881,47718.40234375
0.0020319209434092045,2622.387451171875,0.0021071082446724176,56967.13671875
0.001994508318603039,2271.535888671875,0.002242176327854395,27350.029296875
0.0020133720245212317,2009.3795166015625,0.0020454530604183674,32220.0078125
0.0020132442004978657,2875.55419921875,0.0020684613846242428,21604.376953125
0.0020241686142981052,2788.69384765625,0.0026838486082851887,22865.857421875
0.002020030515268445,2775.464111328125,0.0023365148808807135,40617.6796875
0.0020171399228274822,1671.0946044921875,0.002207375131547451,20274.859375
0.002015381585806608,2391.509765625,0.002145795151591301,32810.09375
0.002013595774769783,2575.632080078125,0.00215734145604074,23988.603515625
0.0020231066737324,3203.90966796875,0.0022226255387067795,44944.6796875
0.002018305007368326,3732.947021484375,0.002287087496370077,38599.50390625
0.002010634168982506,2191.310791015625,0.0020729792304337025,17417.5546875
0.002026956994086504,1925.00146484375,0.001993682701140642,30702.603515625
0.0020044147968292236,2492.8125,0.002145725302398205,31902.087890625
0.002010355005040765,2792.5634765625,0.0020135403610765934,21733.4765625
0.0019854442216455936,2368.379150390625,0.0019453112035989761,34959.6640625
0.002012340584769845,2131.3212890625,0.002224058611318469,52160.56640625
0.0020085787400603294,1886.9158935546875,0.0022821638267487288,41365.2734375
0.0019987623672932386,3281.049560546875,0.0019455603323876858,40090.3046875
0.002005902351811528,2791.011962890625,0.0019721512217074633,24371.2109375
0.002001349348574877,1997.648193359375,0.0020125287119299173,37527.625
0.0020064974669367075,3455.134033203125,0.001972339116036892,41957.19921875
0.0020070283208042383,2655.966796875,0.0020523518323898315,42538.05859375
0.002013831166550517,2228.615234375,0.0021551449317485094,49399.578125
0.00202671205624938,2587.40478515625,0.0021970977541059256,39182.95703125
0.002019562292844057,3578.302001953125,0.0020543683785945177,23715.1328125
0.0020076283253729343,2212.38720703125,0.0019631606992334127,26867.076171875
0.0019981018267571926,2352.92333984375,0.0019771999213844538,35521.59375
0.0019976284820586443,2970.5322265625,0.002356654731556773,12386.833984375
0.0020170044153928757,1825.1661376953125,0.0020205627661198378,33705.05078125
0.0020063549745827913,2843.104736328125,0.0019255690276622772,34193.04296875
0.0019973525777459145,2028.6767578125,0.0021539328154176474,37815.67578125
0.0019968769047409296,3452.206298828125,0.0020882519893348217,34005.8828125
0.0020038580987602472,2571.70654296875,0.0020598620176315308,26787.62890625
0.002002134220674634,3141.615478515625,0.0020303649362176657,37862.8125
0.0020099557004868984,3140.952392578125,0.002268971176818013,31953.326171875
0.0020138758700340986,2136.8525390625,0.0025082563515752554,70254.5625
0.001986581599339843,2515.827880859375,0.0021550494711846113,46486.14453125
0.002011931734159589,3158.271240234375,0.002236955100670457,23275.41796875
0.0020225013140589,2949.851806640625,0.0020477634388953447,39438.55859375
0.0019987935665994883,1582.60693359375,0.002377466531470418,41507.71484375
0.001997825689613819,3133.1533203125,0.0020261972676962614,40829.7578125
0.0020190870855003595,2042.336181640625,0.001992891076952219,25385.296875
0.0020039547234773636,2178.7978515625,0.0021708793938159943,34727.43359375
0.002003151923418045,1639.1243896484375,0.002076837234199047,27865.439453125
0.0020046737045049667,2046.4765625,0.002131145680323243,28039.248046875
0.0020062471739947796,2443.885986328125,0.0020214507821947336,41958.9609375
0.002004028996452689,3068.7080078125,0.002070665592327714,25931.005859375
0.0020021728705614805,2463.6318359375,0.002277547726407647,20159.5078125
0.001988483127206564,2180.610595703125,0.0021405492443591356,13896.0556640625
0.0019940088968724012,3400.253173828125,0.0019727444741874933,43595.0390625
0.0019959479104727507,1696.3817138671875,0.002023621927946806,24906.314453125
0.00199267384596169,1702.128662109375,0.0022366053890436888,22352.681640625
0.002005732385441661,2401.9375,0.002082063816487789,37115.88671875
0.00200010952539742,3655.40234375,0.0019953444134444,38381.703125
0.0019874032586812973,1558.2750244140625,0.002068144967779517,25805.216796875
0.0019964349921792746,3464.83349609375,0.0021109352819621563,37041.54296875
0.0020032301545143127,2090.86328125,0.002050645649433136,37401.28515625
0.0019955807365477085,2368.9423828125,0.002019210485741496,21517.1875
0.001994494581595063,1882.1341552734375,0.002285791328176856,43817.49609375
0.0020157659891992807,2799.230712890625,0.002213849453255534,38847.5390625
0.0019919087644666433,2776.10009765625,0.0019717297982424498,37615.08203125
0.002013168064877391,2647.9951171875,0.001974123762920499,33585.5
0.0020020646043121815,2525.4609375,0.0021382200066000223,26604.875
0.0019986459519714117,3055.845458984375,0.0019934989977627993,29656.708984375
0.002000646200031042,2450.375732421875,0.0024058104027062654,19087.662109375
0.002003831323236227,2368.8994140625,0.0020870077423751354,30209.8515625
0.0019913576543331146,1984.355224609375,0.0020728991366922855,27627.435546875
0.001998094841837883,2297.591796875,0.0021817439701408148,23240.474609375
0.00198568357154727,1842.5430908203125,0.00201758136972785,36206.8125
0.001999296247959137,2247.947021484375,0.001963396091014147,26608.947265625
0.0020039647351950407,2498.4111328125,0.002472280990332365,21437.98828125
0.0020100928377360106,2035.0821533203125,0.0021401257254183292,17715.271484375
0.001985932933166623,2869.726806640625,0.002060845959931612,40806.28515625
0.0019923087675124407,2008.7298583984375,0.002051622373983264,31690.736328125
0.0019913772121071815,2483.731201171875,0.0020228975918143988,24475.923828125
0.0019862439949065447,3463.874755859375,0.002021149033680558,28056.892578125
0.0019944750238209963,2170.447265625,0.0019897480960935354,33849.30078125
0.001988676842302084,1859.7093505859375,0.0019392418907955289,25038.857421875
0.0019948207773268223,1975.86474609375,0.002105707535520196,29812.625
0.002000915352255106,3040.229248046875,0.0022967918775975704,49380.98828125
0.002001141430810094,1983.3287353515625,0.002288550604134798,33339.625
0.001985980663448572,3307.920654296875,0.0023738318122923374,17935.05859375
0.0019962002988904715,3291.966552734375,0.0019318717531859875,30914.91015625
0.001986657502129674,1623.555908203125,0.0021229670383036137,28441.001953125
0.001985962735489011,3264.07568359375,0.002363470382988453,49314.75390625
0.002001964021474123,2630.64990234375,0.0022562984377145767,20733.173828125
0.001994933234527707,1821.3927001953125,0.002169693121686578,32402.576171875
0.0020077733788639307,3424.7041015625,0.002275516279041767,45310.8203125
0.0020008583087474108,2449.341796875,0.002162711462005973,43701.765625
0.0020017288625240326,2599.629638671875,0.0020680222660303116,39771.3203125
0.0019879378378391266,3556.7734375,0.0020484551787376404,36488.59765625
0.001998967956751585,2548.59716796875,0.002053283154964447,41974.125
0.0019842335022985935,2641.100341796875,0.002026905072852969,26760.306640625
0.001991621218621731,1974.6458740234375,0.0019968654960393906,32293.431640625
0.001977514708414674,2499.361328125,0.001943868468515575,22884.466796875
0.0019936903845518827,2610.3505859375,0.0023580277338624,22236.26953125
0.0020004035905003548,1829.3489990234375,0.002091416623443365,38591.3203125
0.001997833838686347,1949.6337890625,0.0020110795740038157,19083.99609375
0.00198144419118762,1667.035888671875,0.0020600827410817146,29008.0625
0.001995712285861373,2154.070068359375,0.002145941834896803,53181.56640625
0.0019921520724892616,2353.96044921875,0.0019383557373657823,34149.125
0.0019824455957859755,2309.577392578125,0.0022520471829921007,29344.4375
0.001990459393709898,1630.33984375,0.0021218161564320326,19557.705078125
0.0020023025572299957,1545.923583984375,0.002246149815618992,25363.8515625
0.0020035512279719114,3487.886962890625,0.002185665536671877,20282.984375
0.0020074525382369757,1308.8253173828125,0.0019186071585863829,29935.349609375
0.00199505896307528,3010.65869140625,0.001922803116030991,34124.6640625
0.001990679418668151,1924.2225341796875,0.0021267489064484835,30543.6875
0.0019995025359094143,1774.7633056640625,0.002059711841866374,30354.798828125
0.0019770299550145864,3063.403564453125,0.002222070237621665,27800.15234375
0.001987760653719306,2558.16455078125,0.002240462228655815,24843.94140625
0.0019995623733848333,1447.893798828125,0.0020206065382808447,45125.453125
0.0019860046450048685,1840.7005615234375,0.0023678946308791637,44250.91796875
0.001994746970012784,2355.09814453125,0.0019328771159052849,28542.5234375
0.0019861517939716578,2718.102783203125,0.0023836817126721144,37608.21484375
0.0019986534025520086,2219.076416015625,0.001973432023078203,32512.25390625
0.001981598325073719,2087.990966796875,0.001968459226191044,31006.955078125
0.0019840779714286327,2335.365234375,0.0021484578028321266,23707.970703125
0.001990771386772394,1633.98681640625,0.0021790191531181335,24826.560546875
0.001995441038161516,1699.177001953125,0.002051255200058222,46459.33203125
0.001994262682273984,3151.376708984375,0.002052348107099533,32641.515625
0.00199789903126657,3194.723388671875,0.002318846993148327,25004.748046875
0.0019906091038137674,2329.9287109375,0.0022004982456564903,30023.447265625
0.00199702987447381,2650.247314453125,0.0021173416171222925,40985.89453125
0.0019791380036622286,1703.8629150390625,0.002028532326221466,27761.81640625
0.0019817124120891094,2091.44287109375,0.001960351364687085,30645.2734375
0.0019759738352149725,1544.2508544921875,0.002361598424613476,40117.6796875
0.001990014687180519,2810.666748046875,0.002045519882813096,40259.0234375
0.0019956999458372593,2490.697998046875,0.0020697785075753927,19561.81640625
0.0019720587879419327,2394.129638671875,0.0020032592583447695,34241.14453125
0.00199406361207366,2084.19384765625,0.0019996953196823597,39786.21484375
0.0019767587073147297,2078.667236328125,0.002046529669314623,41459.171875
0.0019894111901521683,2044.1536865234375,0.0024499227292835712,59245.59375
0.001996696228161454,2539.390625,0.0025906646624207497,20713.060546875
0.00200130557641387,3060.1005859375,0.0020767799578607082,33686.19140625
0.0019890866242349148,2703.095947265625,0.0023272207472473383,19098.111328125
0.0020010480657219887,1694.0224609375,0.0019669649191200733,39179.9609375
0.001980801345780492,1839.3883056640625,0.002185110468417406,31554.001953125
0.001997186103835702,2790.876220703125,0.0019848239608108997,22816.6328125
0.001979612745344639,2119.65966796875,0.0021070055663585663,41798.78125
0.0019760914146900177,1906.925048828125,0.0019721307326108217,33524.9140625
0.001973871374502778,2659.912353515625,0.0020045824348926544,26026.3046875
0.001981156412512064,2245.687255859375,0.0020974883809685707,35011.89453125
0.0019702184945344925,1573.854736328125,0.001971788238734007,20867.47265625
0.0019863678608089685,2108.909423828125,0.0020399149507284164,23618.6953125
0.0019819403532892466,2298.61572265625,0.0021488936617970467,25517.54296875
0.001978217391297221,1628.43212890625,0.0021951040253043175,21941.892578125
0.0019818332511931658,3237.873046875,0.002081173937767744,38583.4375
0.0019811755046248436,2747.609375,0.0020633561071008444,33976.42578125
0.0019854616839438677,1864.4000244140625,0.002152011264115572,16877.66796875
0.0019825133495032787,2053.333251953125,0.0023123889695852995,25034.142578125
0.001987517811357975,2569.43310546875,0.002009076764807105,26055.04296875
0.0019844379276037216,2477.1650390625,0.0019905585795640945,26392.173828125
0.001970068085938692,2236.36962890625,0.0022094417363405228,26940.08984375
0.001978568034246564,2723.380859375,0.0019868160597980022,20679.150390625
0.0019675064831972122,1580.6536865234375,0.002028464572504163,32010.630859375
0.0019663262646645308,2247.13330078125,0.0023321087937802076,23934.017578125
0.0019901760388165712,2456.48486328125,0.0020981822162866592,28074.720703125
0.0019716329406946898,1691.85009765625,0.0019643870182335377,22949.54296875
0.0019810344092547894,1726.73681640625,0.002029864815995097,31056.064453125
0.0019878605380654335,2397.20947265625,0.0023178644478321075,37384.375
0.0019958631601184607,1761.0609130859375,0.0019155716290697455,26201.330078125
0.00197137170471251,2727.321533203125,0.002113714814186096,28370.771484375
0.0019701612181961536,2205.14453125,0.0020481410901993513,34235.328125
0.0019765389151871204,2562.181884765625,0.0020064020063728094,36213.19921875
0.001984514994546771,2598.87255859375,0.00218421733006835,30691.103515625
0.0019702573772519827,2381.492431640625,0.0019214960047975183,30126.3046875
0.0019805114716291428,2857.017822265625,0.002172087552025914,26476.466796875
0.001980992965400219,2664.2490234375,0.00199715094640851,44182.96484375
0.0019694813527166843,3052.651611328125,0.002281894674524665,44489.63671875
0.001982437213882804,1906.483642578125,0.002175773261114955,23333.271484375
0.001976453000679612,1751.2579345703125,0.0019957865588366985,25714.203125
0.001979236491024494,1987.45068359375,0.001993631711229682,36278.15234375
0.001964812632650137,1980.088134765625,0.0021894979290664196,35958.515625
0.0019812912214547396,2451.16943359375,0.001955882180482149,37826.2109375
0.0019693768117576838,2429.979248046875,0.0020332252606749535,29648.375
0.0019902398344129324,2203.16748046875,0.001964559545740485,40885.24609375
0.001973699079826474,2667.82666015625,0.0019657318480312824,26264.078125
0.0019715423695743084,2469.19140625,0.0019486022647470236,30766.529296875
0.0019768541678786278,2200.7548828125,0.0019866579677909613,19483.986328125
0.0019886873196810484,2476.914306640625,0.0020137932151556015,29591.09375
0.0019750348292291164,1830.2509765625,0.0023361819330602884,24354.8828125
0.001983816735446453,2128.89404296875,0.002136409981176257,36348.20703125
0.001983725233003497,2206.593017578125,0.002017477760091424,21469.51171875
0.001972225261852145,2484.8525390625,0.0022306577302515507,11138.302734375
0.00197411747649312,2082.330078125,0.0020522072445601225,38362.30078125
0.0019741645082831383,1790.36279296875,0.0019293122459203005,30685.09375
0.001983646536245942,2188.2626953125,0.001964704366400838,29978.98828125
0.001969164703041315,2675.110595703125,0.0019794453401118517,28397.427734375
0.001965597737580538,1441.31005859375,0.0022544371895492077,38821.4765625
0.0019646938890218735,1999.4981689453125,0.001938187750056386,26443.228515625
0.0019721619319170713,1694.094970703125,0.001914592576213181,28011.8671875
0.0019675574731081724,1540.083251953125,0.002009771531447768,34227.3203125
0.0019725742749869823,2015.983642578125,0.0021523868199437857,14022.595703125
0.0019783801399171352,2750.61328125,0.002177109709009528,16396.90234375
0.0019842106848955154,2550.81884765625,0.0019416894065216184,28658.005859375
0.0019650342874228954,1747.1285400390625,0.001968207536265254,23434.4921875
0.0019562996458262205,3298.688720703125,0.001969259697943926,21398.09375
0.0019616400822997093,4375.8818359375,0.0021849912591278553,42571.140625
0.0019617655780166388,3344.04833984375,0.002157760551199317,29645.15625
0.0019681400153785944,1904.327392578125,0.002200039103627205,21211.201171875
0.001957888714969158,1912.3670654296875,0.0020704392809420824,36161.28125
0.001964863622561097,2699.309326171875,0.001987752504646778,19043.884765625
0.001983031164854765,2996.53125,0.00210153148509562,22495.314453125
0.00195620977319777,2310.803955078125,0.002013436984270811,32831.32421875
0.001958754612132907,2474.537109375,0.0021261246874928474,18372.8125
0.0019732944201678038,2539.960205078125,0.0019857531879097223,21100.087890625
0.00195971573702991,2308.3388671875,0.001924266223795712,31812.1640625
0.001976416911929846,2810.2919921875,0.0020968462340533733,42752.8125
0.0019787915516644716,2497.143310546875,0.0020756248850375414,25127.30078125
0.001965714618563652,2196.812744140625,0.0020969512406736612,44236.80078125
0.0019592263270169497,2764.221923828125,0.0019277747487649322,23667.384765625
0.00197397917509079,1922.306396484375,0.001972788944840431,35502.94921875
0.0019619762897491455,3347.488037109375,0.0020550440531224012,18792.763671875
0.0019799338188022375,3162.110595703125,0.0020616124384105206,33285.37890625
0.001963723683729768,2168.987060546875,0.0022387662902474403,34290.5546875
0.0019596342463046312,2430.101806640625,0.0020949020981788635,22420.484375
0.0019661923870444298,3497.0771484375,0.0020661884918808937,21863.25390625
0.001965171657502651,1786.565673828125,0.0020845765247941017,17792.291015625
0.0019543031230568886,3593.4462890625,0.0019940617494285107,24766.0625
0.001959102461114526,1876.55322265625,0.0020805636886507273,21595.365234375
0.0019678163807839155,2497.864501953125,0.002034587087109685,25744.90625
0.0019612314645200968,2421.739501953125,0.0021417902316898108,24191.5078125
0.0019673421047627926,2561.912353515625,0.0019785487093031406,40384.01171875
0.0019518918124958873,1935.7567138671875,0.002068853471428156,34342.765625
0.0019647940061986446,1497.5931396484375,0.002167227678000927,21646.076171875
0.001968066208064556,2287.0712890625,0.0021378693636506796,43878.66015625
0.0019642773550003767,2095.887451171875,0.0022047359962016344,17912.02734375
0.0019741137512028217,2212.224365234375,0.002007715404033661,37517.35546875
0.0019436051370576024,2204.67529296875,0.0021247025579214096,31462.388671875
0.0019440188771113753,2722.672119140625,0.0019525784300640225,30074.234375
0.001960430294275284,1584.72412109375,0.0019848758820444345,29928.12109375
0.001959617016837001,2831.0498046875,0.0022064235527068377,14225.8935546875
0.0019595057237893343,1776.1494140625,0.0019532900769263506,33970.20703125
0.0019398232689127326,1580.69482421875,0.001957988366484642,30134.755859375
0.0019493855070322752,2335.909912109375,0.0021799474488943815,22883.771484375
0.0019578165374696255,2058.23486328125,0.002083705272525549,29073.791015625
0.0019479099428281188,2288.074951171875,0.0019814041443169117,28482.271484375
0.0019567301496863365,1459.5087890625,0.0023690108209848404,21842.98046875
0.0019671949557960033,2599.83349609375,0.0020981819834560156,34726.203125
0.001940891845151782,2060.184814453125,0.0022684878204017878,33395.1640625
0.0019621115643531084,2148.387451171875,0.002043432090431452,38436.25
0.0019493430154398084,2164.572509765625,0.0019205788848921657,34006.453125
0.0019498290494084358,2293.010986328125,0.002055238001048565,33075.5234375
0.001960237743332982,1765.5283203125,0.0021186470985412598,16414.802734375
0.0019612344913184643,3011.591064453125,0.0020023786928504705,21730.84765625
0.0019464060897007585,2334.595703125,0.002131557324901223,27892.58203125
0.001953965751454234,2610.11279296875,0.0020866396371275187,25769.72265625
0.0019540737848728895,2624.37060546875,0.002130814827978611,50282.66015625
0.0019496855093166232,1946.3319091796875,0.0022301755379885435,34745.8359375
0.0019597529899328947,2570.397216796875,0.0021805884316563606,36320.5078125
0.0019450270337983966,2403.4814453125,0.002097745891660452,29914.576171875
0.0019669770263135433,2391.27490234375,0.0020171257201582193,29512.55859375
0.001958924811333418,2525.343994140625,0.001891898107714951,32844.5703125
0.0019384226761758327,2433.4453125,0.0021304122637957335,34470.23046875
0.0019502389477565885,2061.88720703125,0.0019666096195578575,26392.0
0.001942427596077323,2161.183349609375,0.0021793919149786234,25941.8359375
0.0019429842941462994,2155.64794921875,0.002044100547209382,23831.365234375
0.0019634654745459557,1487.3814697265625,0.0021683289669454098,20878.92578125
0.0019485126249492168,1608.2542724609375,0.002277063438668847,21252.998046875
0.001944847172126174,1899.02294921875,0.0019590139854699373,23759.10546875
0.001956530846655369,2301.234375,0.002124627586454153,35503.41015625
0.0019542884547263384,3117.385498046875,0.0020891975145787,18423.298828125
0.0019395895069465041,1568.484619140625,0.0018792606424540281,30836.0546875
0.0019412451656535268,2747.048828125,0.002049775794148445,18331.45703125
0.0019450075924396515,2098.281982421875,0.0019400971941649914,25177.94140625
0.00195517810061574,1907.674560546875,0.002007438102737069,34741.88671875
0.0019423721823841333,3371.10205078125,0.0019155844347551465,26426.376953125
0.0019327944610267878,2616.526611328125,0.001965542556717992,27275.41015625
0.0019562034867703915,2072.76953125,0.0020601297728717327,23207.111328125
0.0019403871847316623,2376.37890625,0.0019154069013893604,28519.166015625
0.0019276341190561652,1932.075439453125,0.0020840629003942013,38329.078125
0.00194657186511904,1599.231689453125,0.0021172822453081608,25509.423828125
0.0019482072675600648,2364.948974609375,0.0019746837206184864,46109.80859375
0.0019425476202741265,2863.570556640625,0.0019882232882082462,24518.44140625
0.001953237922862172,2299.564453125,0.0021055536344647408,31763.3046875
0.0019391437526792288,2867.460693359375,0.0020366476383060217,24745.666015625
0.0019201168324798346,2360.250732421875,0.0021450223866850138,49078.84375
0.0019313490483909845,1467.5447998046875,0.002131231827661395,44893.875
0.001948526594787836,3574.92333984375,0.0020357633475214243,26525.04296875
0.0019436936127021909,1505.8448486328125,0.0018847421742975712,27897.62890625
0.0019348235800862312,1813.0716552734375,0.002045688219368458,41344.171875
0.001939468435011804,3131.650634765625,0.0019942661747336388,26816.470703125
0.0019305573077872396,2456.678466796875,0.0019379766890779138,21481.4921875
0.0019378967117518187,1918.227783203125,0.0021022518631070852,16890.568359375
0.0019462875789031386,1482.8743896484375,0.0019734581001102924,21510.0859375
0.0019398501608520746,2442.66064453125,0.0020780363120138645,18445.865234375
0.0019517719047144055,1511.9517822265625,0.0019660056568682194,32460.666015625
0.0019246606389060616,2816.462890625,0.0020702786277979612,44808.84375
0.0019303775625303388,2561.606201171875,0.0019285533344373107,22806.8046875
0.0019347050692886114,1619.433837890625,0.0019749333150684834,22982.875
0.0019309918861836195,2369.058349609375,0.00208626058883965,20132.02734375
0.0019528174307197332,2644.4716796875,0.001931206090375781,24844.31640625
0.0019259199034422636,3312.57958984375,0.002413542475551367,20439.140625
0.0019376128911972046,1912.6427001953125,0.001996484352275729,31375.62109375
0.0019461412448436022,1864.7174072265625,0.0021932802628725767,21242.876953125
0.0019381431629881263,2542.010498046875,0.0019252143101766706,37699.20703125
0.0019361147424206138,2215.8095703125,0.001991247059777379,28938.44140625
0.0019241608679294586,2343.59130859375,0.002112967660650611,25874.955078125
0.001925550401210785,4309.41552734375,0.0019908566027879715,30289.341796875
0.001934747095219791,1938.5201416015625,0.0022839780431240797,49719.546875
0.0019309542840346694,2223.652099609375,0.001968246651813388,34018.08984375
0.001935673994012177,2514.485595703125,0.002018451225012541,27044.9296875
0.0019132477464154363,2341.93017578125,0.0019529860001057386,25899.794921875
0.0019391418900340796,2096.112548828125,0.0020138209220021963,27336.494140625
0.0019490572158247232,2642.130126953125,0.0019414613489061594,38829.6875
0.0019249257165938616,2223.30615234375,0.0021119846496731043,33616.07421875
0.0019370568916201591,2264.637451171875,0.002070509595796466,26635.259765625
0.00195730640552938,2508.904052734375,0.0018969903467223048,26486.927734375
0.001944078248925507,2195.14404296875,0.0019799992442131042,22810.287109375
0.0019354054238647223,2170.75927734375,0.0019775284454226494,28404.83984375
0.0019312051590532064,2109.176513671875,0.0019364935578778386,23499.73046875
0.0019407194340601563,2657.8291015625,0.0021553223486989737,26159.96484375
0.0019336550030857325,1870.6956787109375,0.0019262569257989526,26700.599609375
0.001940583111718297,1810.0035400390625,0.0019402725156396627,32176.34765625
